{
    "attachments": [
        {
            "data_filename": "647222.jpg",
            "original_filename": "screenshot_2020-03-30_16-43-07.jpg",
            "thumb_filename": "thumbs\/647222.jpg"
        },
        {
            "data_filename": "647223.jpg",
            "original_filename": "screenshot_2020-03-30_17-20-09.jpg",
            "thumb_filename": "thumbs\/647223.jpg"
        },
        {
            "data_filename": "647224.jpg",
            "original_filename": "screenshot_2020-03-30_17-22-05.jpg",
            "thumb_filename": "thumbs\/647224.jpg"
        }
    ],
    "resource_id": 11887,
    "current_version_id": 22070,
    "download_count": 0,
    "resource_version_id": 37440,
    "version_string": "V2",
    "last_update": 1586429037,
    "rating_avg": 5,
    "rating_count": 0,
    "rating_sum": 0,
    "resource_category_id": 5,
    "resource_date": 1585653739,
    "review_count": 12,
    "tag_line": "aka Hydraulic Press Mod",
    "update_count": 2,
    "path": "MY31GVURF\/22070\/",
    "filename": "BollardUD.zip",
    "title": "Bollard but it's upside down",
    "user_id": 2054,
    "username": "Godzilla!",
    "tagid": "MY31GVURF",
    "message": "[CENTER]The Bollard but it is upside down.\n[ATTACH]647222[\/ATTACH]\n\nBollard is a strong boi and now he's upside down and in 3 sizes. [URL='https:\/\/www.youtube.com\/watch?v=5VrqbqfId2s']Inspired by WhyBeAre years ago.[\/URL]\n\n[ATTACH]647223[\/ATTACH]\n\nSimply spawn and place it where you want it (or drive the car under\/into it), use Page Down\/Up to control it like the normal bollard or O\/P for a fast movement.\n\n[ATTACH]647224[\/ATTACH]\n\nTo place it, go into free cam (Shift+C) and then go to the spot you want the floating bollard to be, then press F7. It will stay in its given position.\n\nV2 is for v0.23+\nV1.5 can work on older versions of the game (v0.6 - v0.18 for sure).[\/CENTER]",
    "category_title": "",
    "prefix_title": "",
    "via": "packed by repo on Thu, 03 Feb 2022 11:01:56 GMT",
    "hashes": [
        [
            "vehicles\/bollard_UD\/L.jpg",
            "1434baa5c4ded080"
        ],
        [
            "vehicles\/bollard_UD\/lua\/hydro_input.lua",
            "0bacbfd32d572691"
        ],
        [
            "vehicles\/bollard_UD\/S.pc",
            "2fcf9667cbd60284"
        ],
        [
            "vehicles\/bollard_UD\/S.jpg",
            "fcf6f82edcb0049d"
        ],
        [
            "vehicles\/bollard_UD\/default.jpg",
            "5d31237dcee39e19"
        ],
        [
            "vehicles\/bollard_UD\/info_L.json",
            "3442a6f831bc88d5"
        ],
        [
            "vehicles\/bollard_UD\/input_actions.json",
            "85254ae8e4176801"
        ],
        [
            "vehicles\/bollard_UD\/info.json",
            "106f43a03ce20ef9"
        ],
        [
            "vehicles\/bollard_UD\/bollard.jbeam",
            "7d95da01baaa4f09"
        ],
        [
            "vehicles\/bollard_UD\/info_XL.json",
            "bf5e01fe39b55123"
        ],
        [
            "vehicles\/bollard_UD\/bollard_l.jbeam",
            "ecc8b97f87bd9e35"
        ],
        [
            "vehicles\/bollard_UD\/bollard_UD.dae",
            "6cebe704c4a4b9b7"
        ],
        [
            "vehicles\/bollard_UD\/bollard_xl.jbeam",
            "4b125ff64e07b019"
        ],
        [
            "vehicles\/bollard_UD\/XL.pc",
            "4f660381a89ec9e1"
        ],
        [
            "vehicles\/bollard_UD\/XL.jpg",
            "5e72ed27678620f0"
        ],
        [
            "vehicles\/bollard_UD\/main.materials.json",
            "242afae89d2068f6"
        ],
        [
            "vehicles\/bollard_UD\/inputmaps\/xidevice.json",
            "a0b10247eb9a2f84"
        ],
        [
            "vehicles\/bollard_UD\/inputmaps\/keyboard.json",
            "847079405ace717f"
        ],
        [
            "vehicles\/bollard_UD\/L.pc",
            "98e52247c7f34904"
        ],
        [
            "vehicles\/bollard_UD\/info_S.json",
            "42717bab93532996"
        ]
    ]
}