{
  "bollard_ud" : {
    "name" : "bollard_ud",
    "class" : "Material",
    "mapTo" : "bollard_ud",
    "persistentId" : "0d94b756-b9b1-49c7-b9aa-828f92a255a5",
    "Stages": [
      {
        "ambientOcclusionMap": "vehicles/bollard/bollard_ao.data.png",
        "baseColorMap": "vehicles/bollard/bollard_b.color.png",
        "metallicFactor": 1,
        "metallicMap": "vehicles/bollard/bollard_m.data.png",
        "normalMap": "vehicles/bollard/bollard_nm.normal.png",
        "roughnessMap": "vehicles/bollard/bollard_r.data.png",
        "useAnisotropic": true
      },
      {},
      {}
    ],
    "alphaRef" : 0,
    "dynamicCubemap" : true,
    "materialTag0" : "beamng",
    "materialTag1" : "object",
    "order_simset": 0,
    "version": 1.5
  }
}
